Keyword,Tip,
Plastic,Use reusable shopping bags instead of single-use plastic bags.,
Water,Turn off the tap while brushing your teeth to save water.,
Energy,Replace incandescent bulbs with energy-efficient LED lights.,
Paper,Opt for digital documents to reduce paper consumption.,
Transport,Use public transportation or carpool to reduce carbon emissions.,
Food,Buy locally sourced produce to reduce transportation impacts.,
Waste,Compost organic waste to reduce landfill usage.,
Clothing,Choose sustainable fashion brands that prioritize eco-friendly materials.,
Cleaning,Use biodegradable cleaning products to minimize chemical pollution.,
Packaging,Avoid products with excessive packaging to reduce waste.,
Electronics,Unplug devices when not in use to save energy.,
Heating,Lower your thermostat by a few degrees to conserve energy.,
Cooling,Use fans instead of air conditioning when possible.,
Gardening,Plant native species to promote local biodiversity.,
Irrigation,Install a rain barrel to collect water for gardening.,
Laundry,Wash clothes in cold water to save energy.,
Drying,Air-dry clothes instead of using a dryer.,
Cooking,Use a pressure cooker to reduce cooking time and energy usage.,
Travel,Choose eco-tourism options that support conservation efforts.,
Lighting,Maximize natural light during the day to reduce electricity use.,
Recycling,Properly sort recyclables to ensure they are processed correctly.,
Batteries,Use rechargeable batteries to reduce hazardous waste.,
E-waste,Recycle old electronics at designated collection centers.,
Food Waste,Plan meals to avoid overbuying and reduce food waste.,
Straws,Decline plastic straws at restaurants to reduce plastic pollution.,
Coffee,Use a reusable coffee cup instead of disposable ones.,
Water Bottles,Carry a reusable water bottle to minimize plastic waste.,
Diapers,Consider cloth diapers as an alternative to disposables.,
Nappies,Use biodegradable nappies to lessen environmental impact.,
Razors,Choose razors with replaceable blades instead of disposables.,
Toothbrush,Use a bamboo toothbrush instead of a plastic one.,
Shampoo,Opt for shampoo bars to reduce plastic bottle usage.,
Soap,Use bar soap instead of liquid soap in plastic bottles.,
Deodorant,Choose deodorant brands that offer refillable containers.,
Makeup,Select cosmetics from brands that use sustainable packaging.,
Sunscreen,Use reef-safe sunscreen to protect marine life.,
Fishing,Practice catch and release to preserve fish populations.,
Hiking,Stay on marked trails to protect natural habitats.,
Camping,Use a refillable gas canister instead of disposable ones.,
Picnics,Bring reusable utensils and plates to reduce waste.,
Barbecue,Use natural charcoal or gas grills for cleaner burning.,
Car Washing,Use biodegradable soap and wash your car on the lawn.,
Pest Control,Use natural pest repellents instead of chemical pesticides.,
Air Quality,Plant trees to improve air quality and absorb CO2.,
Fertilizers,Use organic fertilizers to reduce chemical runoff.,
Community,Participate in local clean-up events to maintain your environment.,
Education,Teach others about the importance of environmental conservation.,
Advocacy,Support policies and legislation that protect the environment.,
Investment,Invest in companies with strong environmental policies.,
Solar Energy,Install solar panels to harness renewable energy.,
Wind Energy,Support wind farm developments in your area.,
Hydro Energy,Advocate for sustainable hydroelectric power projects.,
Geothermal,Explore geothermal energy options for home heating.,
Biomass,Use biomass pellets for heating as a renewable resource.,
Insulation,Improve home insulation to reduce heating and cooling needs.,
Windows,Install double-glazed windows to conserve energy.,
Doors,Use draft excluders to prevent heat loss.,
Roofing,Consider green roofs to improve insulation and support biodiversity.,
Paints,Choose eco-friendly paints with low VOCs.,
Furniture,Buy second-hand furniture to reduce manufacturing demand.,
Appliances,Select energy-efficient appliances with high Energy Star ratings.,
Flooring,Use sustainable flooring materials like bamboo or cork.,
Carpets,Choose carpets made from recycled materials.,
Pets,Use biodegradable pet waste bags.,
Pet Food,Buy pet food from companies that use sustainable ingredients.,
Aquarium,Use energy-efficient aquarium equipment.,
Bird Feeding,Provide native plants instead of feeders to support local birds.,
Bee Keeping,Start a beehive to support pollinator populations.,
Commuting,Bike or walk to work to reduce carbon emissions.,
Remote Work,Work from home when possible to decrease transportation impacts.,
Teleconferencing,Use video calls to reduce the need for business travel.,
Printing,Print double-sided to save paper.,
Subscriptions,Opt for digital subscriptions over physical copies.,
Mail,Reduce junk mail by unsubscribing from mailing lists.,
Gifts,Give experiences instead of physical gifts.,
Wrapping,Use reusable gift wrap or fabric.,
Cards,Send e-cards instead of paper greeting cards.,
Events,Organize zero-waste events.,
Cooking Oil,Recycle used cooking oil properly.,
Fireworks,Attend public fireworks displays instead of setting off your own.,
Lawn Care,Let your grass grow longer to reduce watering needs.,
Leaves,Mulch fallen leaves instead of bagging them.,
Snow Removal,Use eco-friendly deicers like sand or magnesium chloride.,
Driveways,Install permeable pavement to reduce runoff.,
Rain Gardens,Create a rain garden to absorb stormwater.,
Sewage,Ensure your septic system is properly maintained.,
Fishing Lines,Dispose of fishing lines responsibly to protect wildlife.,
Hunting,Follow sustainable hunting practices.,
Books,Borrow books from the library instead of buying new ones.,
Music,Stream music instead of buying physical CDs.,
Movies,Use digital downloads or streaming services.,
Games,Buy digital copies of games.,
Art Supplies,Choose non-toxic  eco-friendly art materials.,
School Supplies,Select recycled notebooks and refillable pens.,
Bags,Use reusable bags for all shopping  not just groceries.,
Shoes,Repair shoes instead of buying new ones.,
Jewelry,Choose conflict-free and sustainably sourced materials.,
Sports Equipment,Rent or borrow equipment you use infrequently.,
Gym,Join gyms that use energy-generating equipment.,
Pools,Cover your pool when not in use to reduce evaporation.,
Saunas,Use infrared saunas which are more energy-efficient.,
Water Heater,Set your water heater to 120°F (49°C) to save energy.,
Dishwasher,Run full loads and use the eco setting.,
Refrigerator,Keep your fridge coils clean for better efficiency.,
Oven,Use a toaster oven for small meals to save energy.,
Microwave,Unplug when not in use to prevent phantom energy draw.,
Stove,Use induction cooktops which are more energy-efficient.,
Freezer,Defrost regularly to maintain efficiency.,
Garbage Disposal,Compost instead to reduce water usage.,
Toys,Choose toys made from sustainable materials.,
Baby Products,Use cloth wipes instead of disposable ones.,
Birthdays,Plan eco-friendly parties with minimal waste.,
Weddings,Choose sustainable options for decorations and attire.,
Holidays,Use LED lights for holiday decorations.,
Travel Mug,Carry a reusable mug for beverages on the go.,
Takeout,Request no plastic utensils with your order.,
Condiments,Buy in bulk to reduce packaging waste.,
Bulk Buying,Shop at bulk stores using your own containers.,
Veganism,Adopt a plant-based diet to reduce your carbon footprint.,
Vegetarian,Reduce meat consumption to lessen environmental impact.,
Meatless Mondays,Participate in Meatless Mondays to promote sustainability.,
Fishing Practices,Support sustainable fisheries.,
Deforestation,Use products certified by the Forest Stewardship Council.,
Ocean Conservation,Support organizations working to clean oceans.,
Air Travel,Offset your carbon emissions when flying.,
Car Maintenance,Keep tires inflated for better fuel efficiency.,
Oil Changes,Use synthetic oil for better engine performance.,
Hybrid Vehicles,Consider purchasing a hybrid or electric car.,
Biofuels,Use biodiesel made from renewable resources.,
Education Programs,Support environmental education in schools.,
Volunteering,Volunteer for environmental conservation projects.,
Donations,Donate to reputable environmental organizations.,
Research,Stay informed about environmental issues.,
Advancements,Support technological innovations in sustainability.,
Policy Change,Advocate for environmental policies at local and national levels.,
Product Labels,Read labels to choose eco-friendly products.,
Certification,Look for certifications like Fair Trade and Organic.,
Investment Funds,Invest in green funds and companies.,
Retirement Plans,Choose retirement plans that invest in sustainable companies.,
Banking,Use banks that have ethical investment policies.,
Credit Cards,Select cards that donate to environmental causes.,
Clubs,Join local environmental clubs or groups.,
Workplace,Encourage your employer to adopt sustainable practices.,
Competitions,Organize or participate in environmental challenges.,
Awards,Recognize businesses and individuals making a difference.,
Mentoring,Mentor others in sustainable practices.,
Networking,Connect with like-minded individuals to promote change.,
Workshops,Attend workshops on sustainability.,
Podcasts,Listen to environmental podcasts to stay informed.,
Blogs,Follow eco-friendly blogs.,
Social Media,Share environmental tips and news on social platforms.,
Apps,Use apps that promote sustainability.,
Timers,Install timers on lights to reduce energy waste.,
Sensors,Use motion sensors for lighting in less-used areas.,
Smart Home,Implement smart home technology for energy efficiency.,
Greywater Systems,Install systems to reuse greywater for irrigation.,
Drip Irrigation,Use drip systems to conserve water in gardening.,
Xeriscaping,Landscape with drought-tolerant plants.,
Greenhouses,Use passive solar greenhouse designs.,
Vertical Gardens,Implement vertical gardening to save space and resources.,
Hydroponics,Explore soil-less gardening methods.,
Aquaponics,Combine fish farming with hydroponics for sustainability.,
Roof Gardens,Utilize roof space for growing plants.,
Community Gardens,Participate in or start a community garden.,
Seed Saving,Save and exchange seeds to promote biodiversity.,
Pollinator Gardens,Plant flowers that attract bees and butterflies.,
Tree Planting,Organize tree-planting events.,
Wildlife Habitats,Create habitats to support local wildlife.,
Natural Pest Control,Use ladybugs or nematodes to control pests.,
Crop Rotation,Practice crop rotation to maintain soil health.,
Soil Testing,Test soil to use fertilizers more effectively.,
No-Till Farming,Reduce tilling to maintain soil structure.,
Cover Crops,Plant cover crops to prevent soil erosion.,
Biochar,Use biochar to improve soil fertility.,
Agroforestry,Integrate trees into farming systems.,
Permaculture,Design agricultural ecosystems modeled after natural ecosystems.,
Rainwater Harvesting,Collect rainwater for various uses.,
Water Filtration,Use natural filtration systems for water purification.,
Desalination,Support research into sustainable desalination methods.,
Wetlands Preservation,Protect wetlands for their ecological benefits.,
Coral Reefs,Support reef-safe products and practices.,
Mangroves,Promote the conservation of mangrove forests.,
Estuaries,Protect estuary environments.,
Polar Regions,Advocate for policies that protect polar ecosystems.,
Endangered Species,Support conservation efforts for endangered species.,
Invasive Species,Participate in removal efforts of invasive species.,
Habitat Restoration,Engage in projects to restore damaged ecosystems.,
Climate Action,Support initiatives aimed at combating climate change.,
Carbon Footprint,Calculate and strive to reduce your carbon footprint.,
Greenhouse Gases,Support legislation that limits greenhouse gas emissions.,
Renewable Energy,Advocate for increased use of renewable energy sources.,
Energy Storage,Support advancements in energy storage technology.,
Smart Grids,Promote the development of smart electrical grids.,
Battery Recycling,Recycle old batteries properly.,
Lead-Free Products,Choose products that are free of heavy metals.,
Chemical Use,Minimize the use of harmful chemicals at home.,
Noise Pollution,Use noise-reducing materials in construction.,
Light Pollution,Install downward-facing lights to reduce light pollution.,
Urban Planning,Support green spaces in urban development.,
Public Transit,Advocate for improved public transportation systems.,
Bike Lanes,Support the creation of safe cycling infrastructure.,
Electric Vehicles,Consider electric options for personal transportation.,
Ride Sharing,Use ride-sharing services to reduce individual car use.,
Emission Testing,Ensure your vehicle meets emission standards.,
Idling,Turn off your engine when parked to reduce emissions.,
Speed Limits,Observe speed limits to improve fuel efficiency.,
Tire Pressure,Maintain proper tire pressure for better mileage.,
Eco-Driving,Adopt driving habits that improve fuel efficiency.,
Alternative Fuels,Support research into hydrogen and other alternative fuels.,
Carbon Capture,Advocate for carbon capture and storage technologies.,
Afforestation,Support tree-planting initiatives in deforested areas.,
Reforestation,Participate in reforestation projects.,
Desertification,Support efforts to combat land degradation.,
Sustainable Fishing,Choose seafood certified by sustainable fisheries.,
Water Rights,Advocate for fair and sustainable water usage policies.,
Air Purifiers,Use plants as natural air purifiers.,
Urban Farming,Support rooftop and community urban farming.,
Food Miles,Choose foods with fewer transportation miles.,
Slow Food,Embrace the slow food movement for local cuisine.,
Fair Trade,Purchase fair trade products to support ethical practices.,
Organic Farming,Support organic agriculture to reduce chemical use.,
Genetic Diversity,Promote the cultivation of heirloom plant varieties.,
Animal Welfare,Choose products that ensure humane treatment of animals.,
Ethical Consumerism,Be mindful of the environmental impact of your purchases.,
Minimalism,Adopt a minimalist lifestyle to reduce consumption.,
Upcycling,Transform old items into something new and useful.,
Repair Cafes,Attend events focused on repairing instead of discarding items.,
Second-Hand Shopping,Buy used goods to extend product life cycles.,
Product Longevity,Choose durable products that last longer.,
Time Sharing,Share tools and equipment with neighbors.,
Tool Libraries,Use community resources for infrequently needed items.,
Digital Receipts,Opt for email receipts to save paper.,
Subscription Services,Use services that allow borrowing instead of owning.,
DIY Projects,Engage in do-it-yourself projects to reuse materials.,
Composting Toilets,Consider eco-friendly sanitation options.,
Biodegradable Products,Choose items that break down naturally.,
Eco-Bricks,Use plastic waste to create building materials.,
Green Investing,Invest in environmentally responsible companies.,
Sustainable Architecture,Support building designs that reduce environmental impact.,
Green Certification,Look for buildings with LEED or similar certifications.,
Water-Saving Fixtures,Install low-flow faucets and showerheads.,
Dual-Flush Toilets,Use toilets that offer water-saving flush options.,
Stormwater Management,Implement systems to reduce runoff.,
Waste Audits,Conduct audits to identify waste reduction opportunities.,
Life Cycle Assessment,Consider the full environmental impact of products.,
Circular Economy,Support businesses that recycle materials into new products.,
Extended Producer Responsibility,Encourage manufacturers to take back used products.,
Eco-Labels,Look for products with recognized environmental certifications.,
Supply Chain Transparency,Support companies that are transparent about their practices.,
Corporate Responsibility,Hold companies accountable for environmental impact.,
Environmental Litigation,Support legal actions that protect the environment.,
International Agreements,Advocate for global cooperation on environmental issues.,
Education Reform,Promote environmental education in school curricula.,
Cultural Preservation,Support indigenous practices that are sustainable.,
Biodiversity,Protect diverse ecosystems for overall planetary health.,
Wildlife Corridors,Support the creation of passages for animal migration.,
Sustainable Seafood,Choose seafood from sustainable sources.,
Forest Stewardship,Participate in programs that manage forests responsibly.,
Eco-Tourism,Travel in ways that respect and preserve natural environments.,
Marine Protected Areas,Advocate for zones that limit human activity to protect marine life.,
Alternative Medicine,Use natural remedies that are sustainably sourced.,
Herbal Gardening,Grow your own herbs to reduce packaging and transport.,
Natural Fibers,Wear clothing made from organic cotton hemp  or linen., 
Rainforest Alliance,Support products certified by environmental groups.,
Green Roofs,Advocate for vegetated rooftop systems.,
Urban Trees,Plant trees in urban settings to improve air quality.,
Zero Waste,Strive to produce no waste by reducing reusing  and recycling., 
Plastic-Free,Eliminate the use of single-use plastics.,
Ocean Cleanup,Support initiatives that remove plastics from oceans.,
Microbeads,Avoid products containing microbeads.,
Bioplastics,Use plastics made from renewable biomass sources.,
Community Energy,Invest in community-owned renewable energy projects.,
Carbon Neutrality,Support efforts to achieve net-zero carbon emissions.,
Climate Resilience,Promote practices that enhance the ability to recover from climate impacts.,
Eco-Design,Choose products designed with environmental impact in mind.,
Green Chemistry,Support chemical products and processes that reduce or eliminate hazardous substances.,
Sustainable Mining,Advocate for mining practices that minimize environmental impact.,
Waste-to-Energy,Support facilities that convert waste into usable energy.,
Landfill Diversion,Participate in programs that reduce landfill waste.,
Biodegradable Packaging,Choose products with compostable packaging.,
Shared Mobility,Use shared bikes and scooters.,
Agritourism,Visit farms that practice sustainable agriculture.,
Natural Dyes,Use clothing dyed with natural  non-toxic substances.,
Farmers Markets,Shop at markets that sell local produce.,
Seed Banks,Support organizations that preserve genetic diversity.,
Animal Migration,Support conservation efforts that protect migratory paths.,
Sustainable Water Management,Advocate for policies that promote efficient water use.,
Ethical Hacking,Use tech skills to promote environmental solutions.,
Open Source Ecology,Contribute to shared technological advancements in sustainability.,
Digital Detox,Reduce energy use by limiting screen time.,
Eco-Anxiety,Practice mindfulness and support mental health in the face of environmental concerns.,
Food Sharing,Participate in community programs that distribute surplus food.,
Global Citizenship,Embrace practices that consider the global impact of local actions.,
Eco-Friendly Gifts,Give gifts that promote sustainability.,
Recycled Materials,Choose products made from recycled content.,
Biodegradable Glitter,Use eco-friendly alternatives for celebrations.,
Zero Emissions Day,Participate in events aimed at reducing emissions.,
Plastic Patrol,Join groups that clean up plastic waste.,
Ocean Acidification,Support research on mitigating ocean pH changes.,
Green Banking,Use financial institutions that invest in sustainable projects.,
Conscious Consumption,Be mindful of the necessity and impact of your purchases.,
Sustainable Development Goals,Support initiatives aligned with the UN's goals.,
Circular Fashion,Buy from brands that recycle clothing materials.,
Eco-Sabbath,Take a day to reduce consumption and reflect on environmental impact.,
Digital Carbon Footprint,Reduce data storage and streaming to save energy.,
Environmental Justice,Support fair treatment of all people regarding environmental policies.,
Social Enterprises,Support businesses that have social and environmental missions.,
Green Burial,Consider eco-friendly end-of-life options.,
Ethical Travel,Choose travel options that respect local communities and environments.,
Urban Beekeeping,Support rooftop and community beekeeping projects.,
Green Spaces,Advocate for parks and natural areas in cities.,
Food Forests,Promote the planting of edible landscapes.,
Environmental Art,Support art that raises awareness about ecological issues.,
Conservation Easements,Participate in programs that protect land from development.,
Ethical Hunting,Follow practices that support wildlife management.,
Dark Sky Initiatives,Support efforts to reduce light pollution.,
Eco-Friendly Tech,Choose gadgets with lower environmental impact.,
Microgeneration,Generate your own energy through small-scale systems.,
Passive Solar Design,Use building designs that naturally regulate temperature.,
Biophilic Design,Incorporate natural elements into indoor spaces.,
Green Jobs,Support industries that create environmentally friendly employment.,
Sustainable Fisheries,Choose seafood certified by sustainability programs.,
Water Footprint,Be aware of the water required to produce goods and services.,
Climate Refugees,Support policies that aid those displaced by climate change.,
Sustainable Coffee,Buy coffee from farms that practice shade-grown agriculture.,
Plastic Bank,Support programs that turn plastic waste into currency.,
Conservation Farming,Implement agricultural practices that protect the environment.,
Environmental Monitoring,Participate in citizen science projects.,
Renewable Materials,Use products made from rapidly renewable resources.,
Waste Hierarchy,Follow the principles: Reduce  Reuse  Recycle.,
Product Stewardship,Encourage companies to be responsible for their products' end-of-life.,
Sustainable Hospitality,Choose hotels with eco-friendly practices.,
Bioluminescent Lighting,Support research into natural lighting alternatives.,
Algae Biofuel,Advocate for investment in next-generation biofuels.,
Eco-Friendly Printing,Use soy-based inks and recycled paper.,
Ecotaxes,Support taxation that discourages environmental harm.,
Green Certifications,Look for buildings and products with recognized eco-labels.,
Resilience Planning,Prepare communities for environmental challenges.,
Sustainable Wine,Choose wines from vineyards that use eco-friendly practices.,
Clean Tech,Support technologies that reduce environmental impact.,
Sustainable MBA,Encourage business education that includes sustainability.,
Environmental Psychology,Apply psychological principles to promote eco-friendly behavior.,
Sustainable Forestry,Buy wood products certified by sustainable forestry initiatives.,
Climate-Smart Agriculture,Support farming practices that adapt to climate change.,
Rainwater Gardens,Install gardens designed to absorb rainwater runoff.,
Edible Landscaping,Plant food-producing plants in your yard.,
Environmental Policy,Stay informed and vote on environmental issues.,
Green Bonds,Invest in bonds that fund environmental projects.,
Sustainable Packaging,Choose products with minimal and recyclable packaging.,
Green Computing,Use energy-efficient computing devices.,
Carbon Farming,Support agricultural practices that capture carbon.,
Blue Economy,Promote sustainable use of ocean resources.,
Sustainable Investing,Align your investments with environmental values.,
Green Logistics,Support companies that use eco-friendly shipping methods.,
Ethical Supply Chains,Choose brands that ensure sustainable sourcing.,
Eco-Labels,Recognize certifications like Energy Star or Organic.,
Sustainable Event Planning,Organize events with minimal environmental impact.,
Environmental Impact Assessments,Support thorough reviews before development projects.,
Triple Bottom Line,Encourage businesses to focus on social  environmental  and financial success.,
Sustainable Seafood,Select seafood options that are sustainably harvested.,
Life Cycle Thinking,Consider the environmental impact throughout a product's life.,
Urban Heat Islands,Plant trees to reduce city temperatures.,
Environmental Education,Teach others about the importance of sustainability.,
Green Cleaning,Use natural ingredients like vinegar and baking soda for cleaning.,
Sustainable Tourism,Travel in ways that minimize environmental impact.,
Conservation Easements,Protect land through legal agreements.,
Ethical Consumption,Make purchasing decisions that align with your environmental values.,
